INSERT INTO `roles` (`id`, `name`) VALUES
(1, 'Student'),
(2, 'Lecturer'),
(3, 'Secretary'),
(4, 'HOD'),
(5, 'Dean'),
(6, 'Admin'),
(7, 'Super-admin');

-- Dumping data for table `permissions`
--

INSERT INTO `permissions` (`id`, `name`, `description`) VALUES
(1, 'view-student', 'Lorem ipsum dolot sit amet consecture'),
(2, 'add-student', 'Lorem ipsum dolot sit amet consecture'),
(3, 'update-student', 'Lorem ipsum dolot sit amet consecture'),
(4, 'delete-student', 'Lorem ipsum dolot sit amet consecture'),
(5, 'view-grades', 'Lorem ipsum dolot sit amet consecture'),
(6, 'add-grades', 'Lorem ipsum dolot sit amet consecture'),
(7, 'update-grades', 'Lorem ipsum dolot sit amet consecture'),
(8, 'add-student-course', 'Lorem ipsum dolot sit amet consecture'),
(9, 'view-student-course', 'Lorem ipsum dolot sit amet consecture'),
(10, 'update-student-course', 'Lorem ipsum dolot sit amet consecture'),
(11, 'add-student-module', 'Lorem ipsum dolot sit amet consecture'),
(12, 'view-student-module', 'Lorem ipsum dolot sit amet consecture'),
(13, 'update-student-module', 'Lorem ipsum dolot sit amet consecture'),
(14, 'add-query', 'Lorem ipsum dolot sit amet consecture'),
(15, 'view-query', 'Lorem ipsum dolot sit amet consecture'),
(16, 'update-query', 'Lorem ipsum dolot sit amet consecture'),
(17, 'add-lecturer', 'Lorem ipsum dolot sit amet consecture'),
(18, 'view-lecturer', 'Lorem ipsum dolot sit amet consecture'),
(19, 'update-lecturer', 'Lorem ipsum dolot sit amet consecture'),
(20, 'add-lecturer-course', 'Lorem ipsum dolot sit amet consecture'),
(21, 'view-lecturer-course', 'Lorem ipsum dolot sit amet consecture'),
(22, 'update-lecturer-course', 'Lorem ipsum dolot sit amet consecture'),
(23, 'add-lecturer-module', 'Lorem ipsum dolot sit amet consecture'),
(24, 'view-lecturer-module', 'Lorem ipsum dolot sit amet consecture'),
(25, 'update-lecturer-module', 'Lorem ipsum dolot sit amet consecture');


INSERT INTO `role_permissions` (`role_id`, `permission_id`) VALUES
(1, 1),
(1, 3),
(1, 5),
(1, 8),
(1, 11),
(1, 12),
(1, 14),
(1, 16),
(2, 1),
(2, 5),
(2, 6),
(2, 7),
(2, 9),
(2, 12),
(2, 18),
(2, 19),
(2, 21),
(2, 24),
(4, 1),
( 4, 2),
(4, 3),
(4, 4),
(4, 5),
(4, 6),
(4, 7),
(4, 8),
(4, 9),
(4, 10),
(4, 11),
(4, 12),
(4, 13),
(4, 15),
(4, 17),
( 4, 18),
(4, 19),
(4, 20),
( 4, 21),
(4, 22),
(4, 23),
(4, 24),
(4, 25),
(6, 1),
(6, 2),
(6, 3),
(6, 4),
(6, 5),
(6, 6),
(6, 7),
(6, 8),
(6, 9),
(6, 10),
(6, 11),
(6, 12),
( 6, 13),
( 6, 15),
(6, 17),
(6, 18),
(6, 19),
( 6, 20),
( 6, 21),
(6, 22),
( 6, 23),
( 6, 24),
(6, 25);
